url_prov,total_hotels,url,kabko,kabko_id
https://www.agoda.com/api/cronos/geo/NeighborHoods?pageTypeId=8&objectId=3160,24375,/city/bali-id.html,Bali,17193
https://www.agoda.com/api/cronos/geo/NeighborHoods?pageTypeId=8&objectId=3190,666,/city/medan-id.html,Medan,21284
https://www.agoda.com/api/cronos/geo/NeighborHoods?pageTypeId=8&objectId=3190,98,/city/berastagi-id.html,Berastagi,21719
https://www.agoda.com/api/cronos/geo/NeighborHoods?pageTypeId=8&objectId=3190,68,/city/samosir-id.html,Samosir,512968
https://www.agoda.com/api/cronos/geo/NeighborHoods?pageTypeId=8&objectId=3190,37,/city/tumpatan-nibung-id.html,Tumpatan Nibung,719780
https://www.agoda.com/api/cronos/geo/NeighborHoods?pageTypeId=8&objectId=3190,33,/city/parapat-id.html,Parapat,390238
https://www.agoda.com/api/cronos/geo/NeighborHoods?pageTypeId=8&objectId=3190,31,/city/pematangsiantar-id.html,Pematangsiantar,512966
https://www.agoda.com/api/cronos/geo/NeighborHoods?pageTypeId=8&objectId=3190,19,/city/sampe-raya-id.html,Sampe Raya,734927
https://www.agoda.com/api/cronos/geo/NeighborHoods?pageTypeId=8&objectId=3190,15,/city/tanjung-morawa-id.html,Tanjung Morawa,719285
https://www.agoda.com/api/cronos/geo/NeighborHoods?pageTypeId=8&objectId=3190,11,/city/balige-id.html,Balige,709495
https://www.agoda.com/api/cronos/geo/NeighborHoods?pageTypeId=8&objectId=3190,9,/city/merek-id.html,Merek,718314
https://www.agoda.com/api/cronos/geo/NeighborHoods?pageTypeId=8&objectId=3190,9,/city/sunggal-id.html,Sunggal,161892
https://www.agoda.com/api/cronos/geo/NeighborHoods?pageTypeId=8&objectId=3190,9,/city/botohilitano-id.html,Botohilitano,734930
https://www.agoda.com/api/cronos/geo/NeighborHoods?pageTypeId=8&objectId=3190,8,/city/rantauprapat-id.html,Rantauprapat,710831
https://www.agoda.com/api/cronos/geo/NeighborHoods?pageTypeId=8&objectId=3190,8,/city/namu-sialang-id.html,Namu Sialang,734925
https://www.agoda.com/api/cronos/geo/NeighborHoods?pageTypeId=8&objectId=3190,7,/city/gunungsitoli-id.html,Gunungsitoli,711810
https://www.agoda.com/api/cronos/geo/NeighborHoods?pageTypeId=8&objectId=3190,7,/city/kisaran-id.html,Kisaran,513269
https://www.agoda.com/api/cronos/geo/NeighborHoods?pageTypeId=8&objectId=3190,7,/city/binjai-id.html,Binjai,513121
https://www.agoda.com/api/cronos/geo/NeighborHoods?pageTypeId=8&objectId=3190,5,/city/tarutung-id.html,Tarutung,671602
https://www.agoda.com/api/cronos/geo/NeighborHoods?pageTypeId=8&objectId=3190,5,/city/sibolga-id.html,Sibolga,513047
https://www.agoda.com/api/cronos/geo/NeighborHoods?pageTypeId=8&objectId=3190,4,/city/siborongborong-id.html,Siborongborong,725478
https://www.agoda.com/api/cronos/geo/NeighborHoods?pageTypeId=8&objectId=3190,3,/city/kota-pari-id.html,Kota Pari,734932
https://www.agoda.com/api/cronos/geo/NeighborHoods?pageTypeId=8&objectId=3190,3,/city/bagan-batu-id.html,Bagan Batu,734875
https://www.agoda.com/api/cronos/geo/NeighborHoods?pageTypeId=8&objectId=3190,3,/city/tanjung-balai-id.html,Tanjung Balai,708960
https://www.agoda.com/api/cronos/geo/NeighborHoods?pageTypeId=8&objectId=3190,3,/city/padang-sidempuan-id.html,Padang Sidempuan,671595
https://www.agoda.com/api/cronos/geo/NeighborHoods?pageTypeId=8&objectId=3190,2,/city/bahapal-raya-id.html,Bahapal Raya,734933
https://www.agoda.com/api/cronos/geo/NeighborHoods?pageTypeId=8&objectId=3190,2,/city/bawosaloo-id.html,Bawosaloo,734929
https://www.agoda.com/api/cronos/geo/NeighborHoods?pageTypeId=8&objectId=3190,1,/city/timbang-lawan-id.html,Timbang Lawan,734928
https://www.agoda.com/api/cronos/geo/NeighborHoods?pageTypeId=8&objectId=3190,1,/city/pancur-batu-id.html,Pancur Batu,712035
https://www.agoda.com/api/cronos/geo/NeighborHoods?pageTypeId=8&objectId=3190,1,/city/aek-tolang-id.html,Aek Tolang,734934
https://www.agoda.com/api/cronos/geo/NeighborHoods?pageTypeId=8&objectId=3190,1,/city/lau-damak-id.html,Lau Damak,734926
https://www.agoda.com/api/cronos/geo/NeighborHoods?pageTypeId=8&objectId=3190,1,/city/teluk-dalam-id.html,Teluk Dalam,718312
https://www.agoda.com/api/cronos/geo/NeighborHoods?pageTypeId=8&objectId=3190,1,/city/tuk-tuk-id.html,Tuk Tuk,710994
https://www.agoda.com/api/cronos/geo/NeighborHoods?pageTypeId=8&objectId=3190,1,/city/belawan-id.html,Belawan,513245
https://www.agoda.com/api/cronos/geo/NeighborHoods?pageTypeId=8&objectId=3169,1890,/city/malang-id.html,Malang,5414
https://www.agoda.com/api/cronos/geo/NeighborHoods?pageTypeId=8&objectId=3169,1504,/city/surabaya-id.html,Surabaya,10779
https://www.agoda.com/api/cronos/geo/NeighborHoods?pageTypeId=8&objectId=3169,563,/city/banyuwangi-id.html,Banyuwangi,106065
https://www.agoda.com/api/cronos/geo/NeighborHoods?pageTypeId=8&objectId=3169,294,/city/bromo-id.html,Bromo,716194
https://www.agoda.com/api/cronos/geo/NeighborHoods?pageTypeId=8&objectId=3169,91,/city/trawas-id.html,Trawas,102505
https://www.agoda.com/api/cronos/geo/NeighborHoods?pageTypeId=8&objectId=3169,77,/city/jember-id.html,Jember,161749
https://www.agoda.com/api/cronos/geo/NeighborHoods?pageTypeId=8&objectId=3169,66,/city/probolinggo-id.html,Probolinggo,21721
https://www.agoda.com/api/cronos/geo/NeighborHoods?pageTypeId=8&objectId=3169,55,/city/madiun-id.html,Madiun,161752
https://www.agoda.com/api/cronos/geo/NeighborHoods?pageTypeId=8&objectId=3169,40,/city/kediri-id.html,Kediri,105614
https://www.agoda.com/api/cronos/geo/NeighborHoods?pageTypeId=8&objectId=3169,34,/city/blitar-id.html,Blitar,105624
https://www.agoda.com/api/cronos/geo/NeighborHoods?pageTypeId=8&objectId=3169,34,/city/pacitan-id.html,Pacitan,390119
https://www.agoda.com/api/cronos/geo/NeighborHoods?pageTypeId=8&objectId=3169,30,/city/mojokerto-id.html,Mojokerto,102465
https://www.agoda.com/api/cronos/geo/NeighborHoods?pageTypeId=8&objectId=3169,27,/city/tulungagung-id.html,Tulungagung,256216
https://www.agoda.com/api/cronos/geo/NeighborHoods?pageTypeId=8&objectId=3169,27,/city/madura-island-id.html,Madura Island,713202
https://www.agoda.com/api/cronos/geo/NeighborHoods?pageTypeId=8&objectId=3169,23,/city/bojonegoro-id.html,Bojonegoro,671806
https://www.agoda.com/api/cronos/geo/NeighborHoods?pageTypeId=8&objectId=3169,23,/city/pasuruan-id.html,Pasuruan,8026
https://www.agoda.com/api/cronos/geo/NeighborHoods?pageTypeId=8&objectId=3169,22,/city/tuban-id.html,Tuban,161760
https://www.agoda.com/api/cronos/geo/NeighborHoods?pageTypeId=8&objectId=3169,22,/city/lumajang-id.html,Lumajang,512833
https://www.agoda.com/api/cronos/geo/NeighborHoods?pageTypeId=8&objectId=3169,19,/city/sarangan-id.html,Sarangan,734768
https://www.agoda.com/api/cronos/geo/NeighborHoods?pageTypeId=8&objectId=3165,6790,/city/jakarta-id.html,Jakarta,8691
https://www.agoda.com/api/cronos/geo/NeighborHoods?pageTypeId=8&objectId=3165,12,/city/kepulauan-seribu-id.html,Kepulauan Seribu,671745
https://www.agoda.com/api/cronos/geo/NeighborHoods?pageTypeId=8&objectId=3165,3,/city/cikini-id.html,Cikini,161791
https://www.agoda.com/api/cronos/geo/NeighborHoods?pageTypeId=8&objectId=3165,2,/city/manggarai-id.html,Manggarai,671728
https://www.agoda.com/api/cronos/geo/NeighborHoods?pageTypeId=8&objectId=3165,1,/city/kalibata-id.html,Kalibata,161672
https://www.agoda.com/api/cronos/geo/NeighborHoods?pageTypeId=8&objectId=3179,1927,/city/lombok-id.html,Lombok,16842
https://www.agoda.com/api/cronos/geo/NeighborHoods?pageTypeId=8&objectId=3179,29,/city/sumbawa-id.html,Sumbawa,17772
https://www.agoda.com/api/cronos/geo/NeighborHoods?pageTypeId=8&objectId=3179,23,/city/labuhanpandan-id.html,Labuhanpandan,710599
https://www.agoda.com/api/cronos/geo/NeighborHoods?pageTypeId=8&objectId=3179,14,/city/huu-id.html,Huu,734823
https://www.agoda.com/api/cronos/geo/NeighborHoods?pageTypeId=8&objectId=3179,9,/city/selong-belanak-id.html,Selong Belanak,734830
https://www.agoda.com/api/cronos/geo/NeighborHoods?pageTypeId=8&objectId=3179,6,/city/setanggor-id.html,Setanggor,734831
https://www.agoda.com/api/cronos/geo/NeighborHoods?pageTypeId=8&objectId=3179,6,/city/sekongkang-bawah-id.html,Sekongkang Bawah,734845
https://www.agoda.com/api/cronos/geo/NeighborHoods?pageTypeId=8&objectId=3179,4,/city/buwun-mas-id.html,Buwun Mas,734826
https://www.agoda.com/api/cronos/geo/NeighborHoods?pageTypeId=8&objectId=3179,4,/city/sapit-id.html,Sapit,734836
https://www.agoda.com/api/cronos/geo/NeighborHoods?pageTypeId=8&objectId=3179,4,/city/beru-id.html,Beru,734841
https://www.agoda.com/api/cronos/geo/NeighborHoods?pageTypeId=8&objectId=3179,4,/city/moyo-island-id.html,Moyo Island,719278
https://www.agoda.com/api/cronos/geo/NeighborHoods?pageTypeId=8&objectId=3179,3,/city/pasir-putih-id.html,Pasir Putih,734844
https://www.agoda.com/api/cronos/geo/NeighborHoods?pageTypeId=8&objectId=3179,2,/city/bima-id.html,Bima,161869
https://www.agoda.com/api/cronos/geo/NeighborHoods?pageTypeId=8&objectId=3179,1,/city/poja-id.html,Poja,734822
https://www.agoda.com/api/cronos/geo/NeighborHoods?pageTypeId=8&objectId=3179,1,/city/lembar-id.html,Lembar,734824
https://www.agoda.com/api/cronos/geo/NeighborHoods?pageTypeId=8&objectId=3179,1,/city/maluk-id.html,Maluk,734842
https://www.agoda.com/api/cronos/geo/NeighborHoods?pageTypeId=8&objectId=3179,1,/city/mantun-id.html,Mantun,734843
https://www.agoda.com/api/cronos/geo/NeighborHoods?pageTypeId=8&objectId=3179,1,/city/mangkung-id.html,Mangkung,734829
https://www.agoda.com/api/cronos/geo/NeighborHoods?pageTypeId=8&objectId=3179,1,/city/kuang-id.html,Kuang,734846
https://www.agoda.com/api/cronos/geo/NeighborHoods?pageTypeId=8&objectId=3191,3323,/city/yogyakarta-id.html,Yogyakarta,14018
https://www.agoda.com/api/cronos/geo/NeighborHoods?pageTypeId=8&objectId=3191,48,/city/bedoyo-id.html,Bedoyo,161717
https://www.agoda.com/api/cronos/geo/NeighborHoods?pageTypeId=8&objectId=3191,31,/city/hargowilis-id.html,Hargowilis,734937
https://www.agoda.com/api/cronos/geo/NeighborHoods?pageTypeId=8&objectId=3191,22,/city/pagerharjo-id.html,Pagerharjo,734939
https://www.agoda.com/api/cronos/geo/NeighborHoods?pageTypeId=8&objectId=3191,4,/city/sendangagung-id.html,Sendangagung,734940
https://www.agoda.com/api/cronos/geo/NeighborHoods?pageTypeId=8&objectId=3191,4,/city/ngargosari-id.html,Ngargosari,734938
https://www.agoda.com/api/cronos/geo/NeighborHoods?pageTypeId=8&objectId=3191,1,/city/karang-tengah-id.html,Karang Tengah,734935
https://www.agoda.com/api/cronos/geo/NeighborHoods?pageTypeId=8&objectId=3161,2028,/city/tangerang-id.html,Tangerang,102488
https://www.agoda.com/api/cronos/geo/NeighborHoods?pageTypeId=8&objectId=3161,125,/city/anyer-id.html,Anyer,21741
https://www.agoda.com/api/cronos/geo/NeighborHoods?pageTypeId=8&objectId=3161,53,/city/banten-id.html,Banten,19621
https://www.agoda.com/api/cronos/geo/NeighborHoods?pageTypeId=8&objectId=3161,7,/city/pandeglang-id.html,Pandeglang,709724
https://www.agoda.com/api/cronos/geo/NeighborHoods?pageTypeId=8&objectId=3161,5,/city/buaran-id.html,Buaran,161643
https://www.agoda.com/api/cronos/geo/NeighborHoods?pageTypeId=8&objectId=3161,2,/city/karangtanjung-id.html,Karangtanjung,719281
https://www.agoda.com/api/cronos/geo/NeighborHoods?pageTypeId=8&objectId=3161,2,/city/sangiang-id.html,Sangiang,734728
https://www.agoda.com/api/cronos/geo/NeighborHoods?pageTypeId=8&objectId=3161,2,/city/serang-id.html,Serang,21936
https://www.agoda.com/api/cronos/geo/NeighborHoods?pageTypeId=8&objectId=3161,1,/city/lebak-id.html,Lebak,705326
https://www.agoda.com/api/cronos/geo/NeighborHoods?pageTypeId=8&objectId=3161,1,/city/cikande-id.html,Cikande,161656
https://www.agoda.com/api/cronos/geo/NeighborHoods?pageTypeId=8&objectId=3169,17,/city/ponorogo-id.html,Ponorogo,513014
https://www.agoda.com/api/cronos/geo/NeighborHoods?pageTypeId=8&objectId=3169,16,/city/sumberagung-id.html,Sumberagung,734759
https://www.agoda.com/api/cronos/geo/NeighborHoods?pageTypeId=8&objectId=3169,16,/city/watukarung-id.html,Watukarung,734771
https://www.agoda.com/api/cronos/geo/NeighborHoods?pageTypeId=8&objectId=3169,15,/city/gresik-id.html,Gresik,512857
https://www.agoda.com/api/cronos/geo/NeighborHoods?pageTypeId=8&objectId=3169,13,/city/bondowoso-id.html,Bondowoso,246854
https://www.agoda.com/api/cronos/geo/NeighborHoods?pageTypeId=8&objectId=3169,8,/city/jombang-id.html,Jombang,513057
https://www.agoda.com/api/cronos/geo/NeighborHoods?pageTypeId=8&objectId=3169,7,/city/lamongan-id.html,Lamongan,390129
https://www.agoda.com/api/cronos/geo/NeighborHoods?pageTypeId=8&objectId=3169,6,/city/sumbermujur-id.html,Sumbermujur,734765
https://www.agoda.com/api/cronos/geo/NeighborHoods?pageTypeId=8&objectId=3169,5,/city/magetan-id.html,Magetan,246861
https://www.agoda.com/api/cronos/geo/NeighborHoods?pageTypeId=8&objectId=3169,5,/city/bambu-id.html,Bambu,161745
https://www.agoda.com/api/cronos/geo/NeighborHoods?pageTypeId=8&objectId=3169,5,/city/paiton-id.html,Paiton,710775
https://www.agoda.com/api/cronos/geo/NeighborHoods?pageTypeId=8&objectId=3169,4,/city/paciran-id.html,Paciran,734764
https://www.agoda.com/api/cronos/geo/NeighborHoods?pageTypeId=8&objectId=3169,3,/city/nganjuk-id.html,Nganjuk,513134
https://www.agoda.com/api/cronos/geo/NeighborHoods?pageTypeId=8&objectId=3169,3,/city/cluring-id.html,Cluring,710342
https://www.agoda.com/api/cronos/geo/NeighborHoods?pageTypeId=8&objectId=3169,3,/city/sendang-id.html,Sendang,734770
https://www.agoda.com/api/cronos/geo/NeighborHoods?pageTypeId=8&objectId=3169,1,/city/ngebel-id.html,Ngebel,737250
https://www.agoda.com/api/cronos/geo/NeighborHoods?pageTypeId=8&objectId=3168,692,/city/semarang-id.html,Semarang,19359
https://www.agoda.com/api/cronos/geo/NeighborHoods?pageTypeId=8&objectId=3168,338,/city/magelang-id.html,Magelang,18878
https://www.agoda.com/api/cronos/geo/NeighborHoods?pageTypeId=8&objectId=3168,333,/city/solo-surakarta-id.html,Solo (Surakarta),2961
https://www.agoda.com/api/cronos/geo/NeighborHoods?pageTypeId=8&objectId=3168,115,/city/purwokerto-id.html,Purwokerto,161737
https://www.agoda.com/api/cronos/geo/NeighborHoods?pageTypeId=8&objectId=3168,89,/city/dieng-kulong-id.html,Dieng Kulong,728076
https://www.agoda.com/api/cronos/geo/NeighborHoods?pageTypeId=8&objectId=3168,75,/city/wonosobo-id.html,Wonosobo,513512
https://www.agoda.com/api/cronos/geo/NeighborHoods?pageTypeId=8&objectId=3168,75,/city/karimunjawa-id.html,Karimunjawa,513226
https://www.agoda.com/api/cronos/geo/NeighborHoods?pageTypeId=8&objectId=3168,70,/city/jepara-id.html,Jepara,671622
https://www.agoda.com/api/cronos/geo/NeighborHoods?pageTypeId=8&objectId=3168,51,/city/salatiga-id.html,Salatiga,106070
https://www.agoda.com/api/cronos/geo/NeighborHoods?pageTypeId=8&objectId=3168,49,/city/tegal-id.html,Tegal,161741
https://www.agoda.com/api/cronos/geo/NeighborHoods?pageTypeId=8&objectId=3168,36,/city/cilacap-id.html,Cilacap,161718
https://www.agoda.com/api/cronos/geo/NeighborHoods?pageTypeId=8&objectId=3168,29,/city/tawangmangu-id.html,Tawangmangu,214881
https://www.agoda.com/api/cronos/geo/NeighborHoods?pageTypeId=8&objectId=3168,26,/city/pekalongan-id.html,Pekalongan,106079
https://www.agoda.com/api/cronos/geo/NeighborHoods?pageTypeId=8&objectId=3168,24,/city/kebumen-id.html,Kebumen,705325
https://www.agoda.com/api/cronos/geo/NeighborHoods?pageTypeId=8&objectId=3167,3631,/city/bandung-id.html,Bandung,18943
https://www.agoda.com/api/cronos/geo/NeighborHoods?pageTypeId=8&objectId=3167,1242,/city/puncak-id.html,Puncak,512948
https://www.agoda.com/api/cronos/geo/NeighborHoods?pageTypeId=8&objectId=3167,706,/city/bekasi-id.html,Bekasi,5152
https://www.agoda.com/api/cronos/geo/NeighborHoods?pageTypeId=8&objectId=3167,576,/city/bogor-id.html,Bogor,21740
https://www.agoda.com/api/cronos/geo/NeighborHoods?pageTypeId=8&objectId=3167,503,/city/depok-id.html,Depok,161893
https://www.agoda.com/api/cronos/geo/NeighborHoods?pageTypeId=8&objectId=3167,313,/city/cikarang-id.html,Cikarang,161657
https://www.agoda.com/api/cronos/geo/NeighborHoods?pageTypeId=8&objectId=3167,190,/city/cirebon-id.html,Cirebon,19623
https://www.agoda.com/api/cronos/geo/NeighborHoods?pageTypeId=8&objectId=3167,159,/city/pangandaran-id.html,Pangandaran,106056
https://www.agoda.com/api/cronos/geo/NeighborHoods?pageTypeId=8&objectId=3167,133,/city/karawang-id.html,Karawang,161814
https://www.agoda.com/api/cronos/geo/NeighborHoods?pageTypeId=8&objectId=3167,101,/city/pelabuhan-ratu-id.html,Pelabuhan Ratu,214880
https://www.agoda.com/api/cronos/geo/NeighborHoods?pageTypeId=8&objectId=3167,97,/city/garut-id.html,Garut,106057
https://www.agoda.com/api/cronos/geo/NeighborHoods?pageTypeId=8&objectId=3167,67,/city/sukabumi-id.html,Sukabumi,12820
https://www.agoda.com/api/cronos/geo/NeighborHoods?pageTypeId=8&objectId=3167,58,/city/tasikmalaya-id.html,Tasikmalaya,256223
https://www.agoda.com/api/cronos/geo/NeighborHoods?pageTypeId=8&objectId=3167,33,/city/purwakarta-id.html,Purwakarta,14472
https://www.agoda.com/api/cronos/geo/NeighborHoods?pageTypeId=8&objectId=3169,1,/city/banyuanget-id.html,Banyuanget,710239
https://www.agoda.com/api/cronos/geo/NeighborHoods?pageTypeId=8&objectId=3169,1,/city/seloliman-id.html,Seloliman,734769
https://www.agoda.com/api/cronos/geo/NeighborHoods?pageTypeId=8&objectId=3169,1,/city/grajagan-id.html,Grajagan,734760
https://www.agoda.com/api/cronos/geo/NeighborHoods?pageTypeId=8&objectId=3169,1,/city/tepas-id.html,Tepas,734762
https://www.agoda.com/api/cronos/geo/NeighborHoods?pageTypeId=8&objectId=3169,1,/city/sarongan-id.html,Sarongan,734758
https://www.agoda.com/api/cronos/geo/NeighborHoods?pageTypeId=8&objectId=3169,1,/city/situbondo-id.html,Situbondo,161758
https://www.agoda.com/api/cronos/geo/NeighborHoods?pageTypeId=8&objectId=3175,643,/city/batam-island-id.html,Batam Island,19392
https://www.agoda.com/api/cronos/geo/NeighborHoods?pageTypeId=8&objectId=3175,79,/city/bintan-island-id.html,Bintan Island,19436
https://www.agoda.com/api/cronos/geo/NeighborHoods?pageTypeId=8&objectId=3175,13,/city/tanjung-balai-karimun-id.html,Tanjung Balai Karimun,705347
https://www.agoda.com/api/cronos/geo/NeighborHoods?pageTypeId=8&objectId=3175,12,/city/anambas-islands-id.html,Anambas Islands,717277
https://www.agoda.com/api/cronos/geo/NeighborHoods?pageTypeId=8&objectId=3175,3,/city/toapaya-asri-id.html,Toapaya Asri,734803
https://www.agoda.com/api/cronos/geo/NeighborHoods?pageTypeId=8&objectId=3175,2,/city/kabil-id.html,Kabil,161807
https://www.agoda.com/api/cronos/geo/NeighborHoods?pageTypeId=8&objectId=3175,2,/city/sembulang-id.html,Sembulang,734800
https://www.agoda.com/api/cronos/geo/NeighborHoods?pageTypeId=8&objectId=3175,1,/city/sebong-lagoi-id.html,Sebong Lagoi,734802
https://www.agoda.com/api/cronos/geo/NeighborHoods?pageTypeId=8&objectId=3175,1,/city/kiabu-id.html,Kiabu,734805
https://www.agoda.com/api/cronos/geo/NeighborHoods?pageTypeId=8&objectId=3168,20,/city/kudus-id.html,Kudus,292865
https://www.agoda.com/api/cronos/geo/NeighborHoods?pageTypeId=8&objectId=3168,16,/city/karanganyar-id.html,Karanganyar,706671
https://www.agoda.com/api/cronos/geo/NeighborHoods?pageTypeId=8&objectId=3168,16,/city/cepu-id.html,Cepu,246860
https://www.agoda.com/api/cronos/geo/NeighborHoods?pageTypeId=8&objectId=3168,13,/city/klaten-id.html,Klaten,512875
https://www.agoda.com/api/cronos/geo/NeighborHoods?pageTypeId=8&objectId=3168,12,/city/pati-id.html,Pati,513611
https://www.agoda.com/api/cronos/geo/NeighborHoods?pageTypeId=8&objectId=3168,10,/city/banjarnegara-id.html,Banjarnegara,513358
https://www.agoda.com/api/cronos/geo/NeighborHoods?pageTypeId=8&objectId=3168,9,/city/rembang-id.html,Rembang,706222
https://www.agoda.com/api/cronos/geo/NeighborHoods?pageTypeId=8&objectId=3168,8,/city/kendal-id.html,Kendal,513379
https://www.agoda.com/api/cronos/geo/NeighborHoods?pageTypeId=8&objectId=3168,7,/city/purbalingga-id.html,Purbalingga,706696
https://www.agoda.com/api/cronos/geo/NeighborHoods?pageTypeId=8&objectId=3168,6,/city/purwodadi-id.html,Purwodadi,390118
https://www.agoda.com/api/cronos/geo/NeighborHoods?pageTypeId=8&objectId=3168,6,/city/pemalang-id.html,Pemalang,513061
https://www.agoda.com/api/cronos/geo/NeighborHoods?pageTypeId=8&objectId=3168,5,/city/brebes-id.html,Brebes,706678
https://www.agoda.com/api/cronos/geo/NeighborHoods?pageTypeId=8&objectId=3168,5,/city/patikraja-id.html,Patikraja,161732
https://www.agoda.com/api/cronos/geo/NeighborHoods?pageTypeId=8&objectId=3168,5,/city/rejosari-id.html,Rejosari,734756
https://www.agoda.com/api/cronos/geo/NeighborHoods?pageTypeId=8&objectId=3168,4,/city/slawi-id.html,Slawi,728075
https://www.agoda.com/api/cronos/geo/NeighborHoods?pageTypeId=8&objectId=3168,3,/city/boyolali-id.html,Boyolali,669567
https://www.agoda.com/api/cronos/geo/NeighborHoods?pageTypeId=8&objectId=3168,3,/city/sragen-id.html,Sragen,390128
https://www.agoda.com/api/cronos/geo/NeighborHoods?pageTypeId=8&objectId=3167,30,/city/gunung-putri-id.html,Gunung Putri,719284
https://www.agoda.com/api/cronos/geo/NeighborHoods?pageTypeId=8&objectId=3167,25,/city/majalengka-id.html,Majalengka,670826
https://www.agoda.com/api/cronos/geo/NeighborHoods?pageTypeId=8&objectId=3167,24,/city/kuningan-id.html,Kuningan,161831
https://www.agoda.com/api/cronos/geo/NeighborHoods?pageTypeId=8&objectId=3167,14,/city/palayangan-id.html,Palayangan,710776
https://www.agoda.com/api/cronos/geo/NeighborHoods?pageTypeId=8&objectId=3167,13,/city/sumedang-id.html,Sumedang,513056
https://www.agoda.com/api/cronos/geo/NeighborHoods?pageTypeId=8&objectId=3167,12,/city/ciamis-id.html,Ciamis,512877
https://www.agoda.com/api/cronos/geo/NeighborHoods?pageTypeId=8&objectId=3167,10,/city/indramayu-id.html,Indramayu,161804
https://www.agoda.com/api/cronos/geo/NeighborHoods?pageTypeId=8&objectId=3167,10,/city/panawuan-id.html,Panawuan,719283
https://www.agoda.com/api/cronos/geo/NeighborHoods?pageTypeId=8&objectId=3167,9,/city/cibeureum-id.html,Cibeureum,734736
https://www.agoda.com/api/cronos/geo/NeighborHoods?pageTypeId=8&objectId=3167,7,/city/ujung-genteng-id.html,Ujung Genteng,669520
https://www.agoda.com/api/cronos/geo/NeighborHoods?pageTypeId=8&objectId=3167,6,/city/cianjur-id.html,Cianjur,512856
https://www.agoda.com/api/cronos/geo/NeighborHoods?pageTypeId=8&objectId=3167,4,/city/kebonkacang-id.html,Kebonkacang,161817
https://www.agoda.com/api/cronos/geo/NeighborHoods?pageTypeId=8&objectId=3167,3,/city/batukaras-id.html,Batukaras,710249
https://www.agoda.com/api/cronos/geo/NeighborHoods?pageTypeId=8&objectId=3167,3,/city/bulak-id.html,Bulak,161644
https://www.agoda.com/api/cronos/geo/NeighborHoods?pageTypeId=8&objectId=3167,3,/city/sukamanah-id.html,Sukamanah,161710
https://www.agoda.com/api/cronos/geo/NeighborHoods?pageTypeId=8&objectId=3188,168,/city/padang-id.html,Padang,18881
https://www.agoda.com/api/cronos/geo/NeighborHoods?pageTypeId=8&objectId=3188,156,/city/bukittinggi-id.html,Bukittinggi,19622
https://www.agoda.com/api/cronos/geo/NeighborHoods?pageTypeId=8&objectId=3188,20,/city/mentawai-island-id.html,Mentawai Island,512984
https://www.agoda.com/api/cronos/geo/NeighborHoods?pageTypeId=8&objectId=3188,16,/city/tarantang-id.html,Tarantang,734919
https://www.agoda.com/api/cronos/geo/NeighborHoods?pageTypeId=8&objectId=3188,12,/city/kasang-id.html,Kasang,734920
https://www.agoda.com/api/cronos/geo/NeighborHoods?pageTypeId=8&objectId=3188,8,/city/payakumbuh-id.html,Payakumbuh,513076
https://www.agoda.com/api/cronos/geo/NeighborHoods?pageTypeId=8&objectId=3188,7,/city/sawahlunto-id.html,Sawahlunto,390127
https://www.agoda.com/api/cronos/geo/NeighborHoods?pageTypeId=8&objectId=3188,7,/city/painan-id.html,Painan,709529
https://www.agoda.com/api/cronos/geo/NeighborHoods?pageTypeId=8&objectId=3188,6,/city/batusangkar-id.html,Batusangkar,702165
https://www.agoda.com/api/cronos/geo/NeighborHoods?pageTypeId=8&objectId=3188,5,/city/katurai-id.html,Katurai,734916
https://www.agoda.com/api/cronos/geo/NeighborHoods?pageTypeId=8&objectId=3188,4,/city/maninjau-id.html,Maninjau,710652
https://www.agoda.com/api/cronos/geo/NeighborHoods?pageTypeId=8&objectId=3188,4,/city/sigunturmuda-id.html,Sigunturmuda,161889
https://www.agoda.com/api/cronos/geo/NeighborHoods?pageTypeId=8&objectId=3188,3,/city/sarilamak-id.html,Sarilamak,734918
https://www.agoda.com/api/cronos/geo/NeighborHoods?pageTypeId=8&objectId=3188,3,/city/lubuk-alung-id.html,Lubuk Alung,734921
https://www.agoda.com/api/cronos/geo/NeighborHoods?pageTypeId=8&objectId=3188,2,/city/agam-id.html,Agam,702041
https://www.agoda.com/api/cronos/geo/NeighborHoods?pageTypeId=8&objectId=3188,1,/city/cudabak-id.html,Cudabak,734944
https://www.agoda.com/api/cronos/geo/NeighborHoods?pageTypeId=8&objectId=3180,173,/city/labuan-bajo-id.html,Labuan Bajo,669526
https://www.agoda.com/api/cronos/geo/NeighborHoods?pageTypeId=8&objectId=3180,59,/city/kupang-id.html,Kupang,105999
https://www.agoda.com/api/cronos/geo/NeighborHoods?pageTypeId=8&objectId=3180,54,/city/ende-id.html,Ende,669527
https://www.agoda.com/api/cronos/geo/NeighborHoods?pageTypeId=8&objectId=3180,18,/city/ruteng-id.html,Ruteng,702150
https://www.agoda.com/api/cronos/geo/NeighborHoods?pageTypeId=8&objectId=3180,15,/city/sumba-island-id.html,Sumba Island,19644
https://www.agoda.com/api/cronos/geo/NeighborHoods?pageTypeId=8&objectId=3180,14,/city/goron-talo-id.html,Goron Talo,719582
https://www.agoda.com/api/cronos/geo/NeighborHoods?pageTypeId=8&objectId=3180,12,/city/flores-id.html,Flores,18976
https://www.agoda.com/api/cronos/geo/NeighborHoods?pageTypeId=8&objectId=3180,7,/city/nemberala-id.html,Nemberala,734855
https://www.agoda.com/api/cronos/geo/NeighborHoods?pageTypeId=8&objectId=3180,6,/city/waingapu-id.html,Waingapu,709112
https://www.agoda.com/api/cronos/geo/NeighborHoods?pageTypeId=8&objectId=3180,6,/city/waigete-id.html,Waigete,728077
https://www.agoda.com/api/cronos/geo/NeighborHoods?pageTypeId=8&objectId=3180,5,/city/nangamese-id.html,Nangamese,734852
https://www.agoda.com/api/cronos/geo/NeighborHoods?pageTypeId=8&objectId=3180,5,/city/boa-id.html,Boa,734854
https://www.agoda.com/api/cronos/geo/NeighborHoods?pageTypeId=8&objectId=3180,5,/city/oenggaut-id.html,Oenggaut,734856
https://www.agoda.com/api/cronos/geo/NeighborHoods?pageTypeId=8&objectId=3180,4,/city/bajawa-id.html,Bajawa,513656
https://www.agoda.com/api/cronos/geo/NeighborHoods?pageTypeId=8&objectId=3180,3,/city/alor-besar-id.html,Alor Besar,734847
https://www.agoda.com/api/cronos/geo/NeighborHoods?pageTypeId=8&objectId=3180,3,/city/tambolaka-id.html,Tambolaka,671803
https://www.agoda.com/api/cronos/geo/NeighborHoods?pageTypeId=8&objectId=3187,315,/city/manado-id.html,Manado,19438
https://www.agoda.com/api/cronos/geo/NeighborHoods?pageTypeId=8&objectId=3187,58,/city/bitung-id.html,Bitung,669494
https://www.agoda.com/api/cronos/geo/NeighborHoods?pageTypeId=8&objectId=3187,5,/city/rinondoran-id.html,Rinondoran,710839
https://www.agoda.com/api/cronos/geo/NeighborHoods?pageTypeId=8&objectId=3187,2,/city/pondang-id.html,Pondang,734907
https://www.agoda.com/api/cronos/geo/NeighborHoods?pageTypeId=8&objectId=3187,2,/city/kalinaun-id.html,Kalinaun,734908
https://www.agoda.com/api/cronos/geo/NeighborHoods?pageTypeId=8&objectId=3187,2,/city/kotamobagu-id.html,Kotamobagu,513059
https://www.agoda.com/api/cronos/geo/NeighborHoods?pageTypeId=8&objectId=3187,1,/city/likupang-id.html,Likupang,736926
https://www.agoda.com/api/cronos/geo/NeighborHoods?pageTypeId=8&objectId=3187,1,/city/tarorane-id.html,Tarorane,734943
https://www.agoda.com/api/cronos/geo/NeighborHoods?pageTypeId=8&objectId=3187,1,/city/tahuna-id.html,Tahuna,725492
https://www.agoda.com/api/cronos/geo/NeighborHoods?pageTypeId=8&objectId=3187,1,/city/hutan-id.html,Hutan,734906
https://www.agoda.com/api/cronos/geo/NeighborHoods?pageTypeId=8&objectId=3184,688,/city/makassar-id.html,Makassar,23732
https://www.agoda.com/api/cronos/geo/NeighborHoods?pageTypeId=8&objectId=3184,34,/city/tanete-id.html,Tanete,702284
https://www.agoda.com/api/cronos/geo/NeighborHoods?pageTypeId=8&objectId=3184,29,/city/rantepao-id.html,Rantepao,513025
https://www.agoda.com/api/cronos/geo/NeighborHoods?pageTypeId=8&objectId=3184,20,/city/parepare-id.html,Parepare,292837
https://www.agoda.com/api/cronos/geo/NeighborHoods?pageTypeId=8&objectId=3184,14,/city/tana-toraja-id.html,Tana Toraja,19626
https://www.agoda.com/api/cronos/geo/NeighborHoods?pageTypeId=8&objectId=3184,12,/city/malino-id.html,Malino,390126
https://www.agoda.com/api/cronos/geo/NeighborHoods?pageTypeId=8&objectId=3184,9,/city/palopo-id.html,Palopo,709496
https://www.agoda.com/api/cronos/geo/NeighborHoods?pageTypeId=8&objectId=3184,4,/city/bone-id.html,Bone,161787
https://www.agoda.com/api/cronos/geo/NeighborHoods?pageTypeId=8&objectId=3184,2,/city/biringkanya-id.html,Biringkanya,710274
https://www.agoda.com/api/cronos/geo/NeighborHoods?pageTypeId=8&objectId=3184,2,/city/kalegowa-id.html,Kalegowa,734883
https://www.agoda.com/api/cronos/geo/NeighborHoods?pageTypeId=8&objectId=3184,2,/city/bonto-lempangan-id.html,Bonto Lempangan,734890
https://www.agoda.com/api/cronos/geo/NeighborHoods?pageTypeId=8&objectId=3184,2,/city/patikarya-id.html,Patikarya,734889
https://www.agoda.com/api/cronos/geo/NeighborHoods?pageTypeId=8&objectId=3184,2,/city/bontobangun-id.html,Bontobangun,734886
https://www.agoda.com/api/cronos/geo/NeighborHoods?pageTypeId=8&objectId=3184,1,/city/anggrek-id.html,Anggrek,161780
https://www.agoda.com/api/cronos/geo/NeighborHoods?pageTypeId=8&objectId=3184,1,/city/macanang-id.html,Macanang,734881
https://www.agoda.com/api/cronos/geo/NeighborHoods?pageTypeId=8&objectId=3184,1,/city/tanah-kongkong-id.html,Tanah Kongkong,734882
https://www.agoda.com/api/cronos/geo/NeighborHoods?pageTypeId=8&objectId=3168,3,/city/ambarawa-id.html,Ambarawa,710183
https://www.agoda.com/api/cronos/geo/NeighborHoods?pageTypeId=8&objectId=3168,2,/city/sumberejo-id.html,Sumberejo,734746
https://www.agoda.com/api/cronos/geo/NeighborHoods?pageTypeId=8&objectId=3168,2,/city/batang-id.html,Batang,709813
https://www.agoda.com/api/cronos/geo/NeighborHoods?pageTypeId=8&objectId=3168,2,/city/samiran-id.html,Samiran,734747
https://www.agoda.com/api/cronos/geo/NeighborHoods?pageTypeId=8&objectId=3168,2,/city/jati-id.html,Jati,161723
https://www.agoda.com/api/cronos/geo/NeighborHoods?pageTypeId=8&objectId=3168,1,/city/demak-id.html,Demak,161720
https://www.agoda.com/api/cronos/geo/NeighborHoods?pageTypeId=8&objectId=3168,1,/city/temanggung-id.html,Temanggung,161742
https://www.agoda.com/api/cronos/geo/NeighborHoods?pageTypeId=8&objectId=3168,1,/city/blora-id.html,Blora,706227
https://www.agoda.com/api/cronos/geo/NeighborHoods?pageTypeId=8&objectId=3168,1,/city/sudimoro-id.html,Sudimoro,734752
https://www.agoda.com/api/cronos/geo/NeighborHoods?pageTypeId=8&objectId=3168,1,/city/karangturi-id.html,Karangturi,734755
https://www.agoda.com/api/cronos/geo/NeighborHoods?pageTypeId=8&objectId=3168,1,/city/banyubiru-id.html,Banyubiru,734751
https://www.agoda.com/api/cronos/geo/NeighborHoods?pageTypeId=8&objectId=3167,3,/city/mancagahar-id.html,Mancagahar,734743
https://www.agoda.com/api/cronos/geo/NeighborHoods?pageTypeId=8&objectId=3167,2,/city/songgom-id.html,Songgom,734740
https://www.agoda.com/api/cronos/geo/NeighborHoods?pageTypeId=8&objectId=3167,2,/city/banjar-id.html,Banjar,161640
https://www.agoda.com/api/cronos/geo/NeighborHoods?pageTypeId=8&objectId=3167,2,/city/cimanggis-id.html,Cimanggis,161662
https://www.agoda.com/api/cronos/geo/NeighborHoods?pageTypeId=8&objectId=3167,1,/city/pangguh-id.html,Pangguh,161690
https://www.agoda.com/api/cronos/geo/NeighborHoods?pageTypeId=8&objectId=3167,1,/city/sukaresmi-id.html,Sukaresmi,734738
https://www.agoda.com/api/cronos/geo/NeighborHoods?pageTypeId=8&objectId=3167,1,/city/cikancana-id.html,Cikancana,734739
https://www.agoda.com/api/cronos/geo/NeighborHoods?pageTypeId=8&objectId=3167,1,/city/sukaresik-id.html,Sukaresik,719782
https://www.agoda.com/api/cronos/geo/NeighborHoods?pageTypeId=8&objectId=3167,1,/city/cikampek-id.html,Cikampek,161790
https://www.agoda.com/api/cronos/geo/NeighborHoods?pageTypeId=8&objectId=3167,1,/city/cisurupan-id.html,Cisurupan,734741
https://www.agoda.com/api/cronos/geo/NeighborHoods?pageTypeId=8&objectId=3167,1,/city/segaramakmur-id.html,Segaramakmur,734735
https://www.agoda.com/api/cronos/geo/NeighborHoods?pageTypeId=8&objectId=3173,205,/city/balikpapan-id.html,Balikpapan,88776
https://www.agoda.com/api/cronos/geo/NeighborHoods?pageTypeId=8&objectId=3173,101,/city/samarinda-id.html,Samarinda,21506
https://www.agoda.com/api/cronos/geo/NeighborHoods?pageTypeId=8&objectId=3173,15,/city/berau-id.html,Berau,705380
https://www.agoda.com/api/cronos/geo/NeighborHoods?pageTypeId=8&objectId=3173,13,/city/tanjung-redeb-id.html,Tanjung Redeb,734793
https://www.agoda.com/api/cronos/geo/NeighborHoods?pageTypeId=8&objectId=3173,6,/city/bontang-id.html,Bontang,161771
https://www.agoda.com/api/cronos/geo/NeighborHoods?pageTypeId=8&objectId=3173,3,/city/tana-paser-id.html,Tana Paser,710946
https://www.agoda.com/api/cronos/geo/NeighborHoods?pageTypeId=8&objectId=3173,3,/city/gunung-bahagia-id.html,Gunung Bahagia,734785
https://www.agoda.com/api/cronos/geo/NeighborHoods?pageTypeId=8&objectId=3173,3,/city/maratua-payung-payung-id.html,Maratua Payung-payung,734788
https://www.agoda.com/api/cronos/geo/NeighborHoods?pageTypeId=8&objectId=3173,3,/city/maratua-teluk-harapan-id.html,Maratua Teluk Harapan,734789
https://www.agoda.com/api/cronos/geo/NeighborHoods?pageTypeId=8&objectId=3173,2,/city/maratua-bohesilian-id.html,Maratua Bohesilian,734787
https://www.agoda.com/api/cronos/geo/NeighborHoods?pageTypeId=8&objectId=3173,2,/city/sangkulirang-id.html,Sangkulirang,711978
https://www.agoda.com/api/cronos/geo/NeighborHoods?pageTypeId=8&objectId=3173,1,/city/margomulyo-id.html,Margomulyo,734794
https://www.agoda.com/api/cronos/geo/NeighborHoods?pageTypeId=8&objectId=3173,1,/city/singa-gembara-id.html,Singa Gembara,734798
https://www.agoda.com/api/cronos/geo/NeighborHoods?pageTypeId=8&objectId=3173,1,/city/pulau-derawan-id.html,Pulau Derawan,734790
https://www.agoda.com/api/cronos/geo/NeighborHoods?pageTypeId=8&objectId=3176,285,/city/bandar-lampung-id.html,Bandar Lampung,19625
https://www.agoda.com/api/cronos/geo/NeighborHoods?pageTypeId=8&objectId=3176,12,/city/kalianda-id.html,Kalianda,709819
https://www.agoda.com/api/cronos/geo/NeighborHoods?pageTypeId=8&objectId=3176,1,/city/pringsewu-id.html,Pringsewu,712526
https://www.agoda.com/api/cronos/geo/NeighborHoods?pageTypeId=8&objectId=3176,1,/city/suak-id.html,Suak,734807
https://www.agoda.com/api/cronos/geo/NeighborHoods?pageTypeId=8&objectId=3180,3,/city/liang-ndara-id.html,Liang Ndara,734850
https://www.agoda.com/api/cronos/geo/NeighborHoods?pageTypeId=8&objectId=3180,3,/city/wula-waiijelu-id.html,Wula Waiijelu,734862
https://www.agoda.com/api/cronos/geo/NeighborHoods?pageTypeId=8&objectId=3180,3,/city/gaura-id.html,Gaura,734858
https://www.agoda.com/api/cronos/geo/NeighborHoods?pageTypeId=8&objectId=3180,2,/city/patiala-bawa-id.html,Patiala Bawa,734859
https://www.agoda.com/api/cronos/geo/NeighborHoods?pageTypeId=8&objectId=3180,2,/city/sedeoen-id.html,Sedeoen,734857
https://www.agoda.com/api/cronos/geo/NeighborHoods?pageTypeId=8&objectId=3180,1,/city/kadumbul-id.html,Kadumbul,734861
https://www.agoda.com/api/cronos/geo/NeighborHoods?pageTypeId=8&objectId=3180,1,/city/taubneno-id.html,Taubneno,734863
https://www.agoda.com/api/cronos/geo/NeighborHoods?pageTypeId=8&objectId=3180,1,/city/manamas-id.html,Manamas,734864
https://www.agoda.com/api/cronos/geo/NeighborHoods?pageTypeId=8&objectId=3180,1,/city/watu-nggene-id.html,Watu Nggene,734851
https://www.agoda.com/api/cronos/geo/NeighborHoods?pageTypeId=8&objectId=3180,1,/city/sarotari-id.html,Sarotari,734848
https://www.agoda.com/api/cronos/geo/NeighborHoods?pageTypeId=8&objectId=3180,1,/city/maumere-id.html,Maumere,669525
https://www.agoda.com/api/cronos/geo/NeighborHoods?pageTypeId=8&objectId=3184,1,/city/kampoti-id.html,Kampoti,734880
https://www.agoda.com/api/cronos/geo/NeighborHoods?pageTypeId=8&objectId=3184,1,/city/pinrang-id.html,Pinrang,716186
https://www.agoda.com/api/cronos/geo/NeighborHoods?pageTypeId=8&objectId=3184,1,/city/mengkendek-id.html,Mengkendek,719280
https://www.agoda.com/api/cronos/geo/NeighborHoods?pageTypeId=8&objectId=3189,322,/city/palembang-id.html,Palembang,78901
https://www.agoda.com/api/cronos/geo/NeighborHoods?pageTypeId=8&objectId=3189,32,/city/lubuklinggau-id.html,Lubuklinggau,292827
https://www.agoda.com/api/cronos/geo/NeighborHoods?pageTypeId=8&objectId=3189,14,/city/prabumulih-id.html,Prabumulih,161850
https://www.agoda.com/api/cronos/geo/NeighborHoods?pageTypeId=8&objectId=3189,13,/city/pagar-alam-id.html,Pagar Alam,728074
https://www.agoda.com/api/cronos/geo/NeighborHoods?pageTypeId=8&objectId=3189,9,/city/lahat-id.html,Lahat,702156
https://www.agoda.com/api/cronos/geo/NeighborHoods?pageTypeId=8&objectId=3189,4,/city/muara-enim-id.html,Muara Enim,513323
https://www.agoda.com/api/cronos/geo/NeighborHoods?pageTypeId=8&objectId=3189,2,/city/timbangan-id.html,Timbangan,734924
https://www.agoda.com/api/cronos/geo/NeighborHoods?pageTypeId=8&objectId=3189,2,/city/baturaja-id.html,Baturaja,694528
https://www.agoda.com/api/cronos/geo/NeighborHoods?pageTypeId=8&objectId=3189,1,/city/martapura-id.html,Martapura,707842
https://www.agoda.com/api/cronos/geo/NeighborHoods?pageTypeId=8&objectId=3159,171,/city/aceh-id.html,Aceh,19806
https://www.agoda.com/api/cronos/geo/NeighborHoods?pageTypeId=8&objectId=3159,51,/city/bukit-lawang-id.html,Bukit Lawang,669576
https://www.agoda.com/api/cronos/geo/NeighborHoods?pageTypeId=8&objectId=3159,11,/city/meulaboh-id.html,Meulaboh,513321
https://www.agoda.com/api/cronos/geo/NeighborHoods?pageTypeId=8&objectId=3159,11,/city/lhokseumawe-id.html,Lhokseumawe,513388
https://www.agoda.com/api/cronos/geo/NeighborHoods?pageTypeId=8&objectId=3159,10,/city/pulau-baguk-id.html,Pulau Baguk,734713
https://www.agoda.com/api/cronos/geo/NeighborHoods?pageTypeId=8&objectId=3159,7,/city/busung-indah-id.html,Busung Indah,734716
https://www.agoda.com/api/cronos/geo/NeighborHoods?pageTypeId=8&objectId=3159,6,/city/simeulue-island-id.html,Simeulue Island,712892
https://www.agoda.com/api/cronos/geo/NeighborHoods?pageTypeId=8&objectId=3159,5,/city/langsa-id.html,Langsa,161614
https://www.agoda.com/api/cronos/geo/NeighborHoods?pageTypeId=8&objectId=3159,5,/city/naibos-id.html,Naibos,734719
https://www.agoda.com/api/cronos/geo/NeighborHoods?pageTypeId=8&objectId=3159,4,/city/matanurung-id.html,Matanurung,734718
https://www.agoda.com/api/cronos/geo/NeighborHoods?pageTypeId=8&objectId=3159,3,/city/singkil-id.html,Singkil,709493
https://www.agoda.com/api/cronos/geo/NeighborHoods?pageTypeId=8&objectId=3159,2,/city/subulussalam-id.html,Subulussalam,734720
https://www.agoda.com/api/cronos/geo/NeighborHoods?pageTypeId=8&objectId=3159,1,/city/kutacane-id.html,Kutacane,735615
https://www.agoda.com/api/cronos/geo/NeighborHoods?pageTypeId=8&objectId=3159,1,/city/takengon-id.html,Takengon,709723
https://www.agoda.com/api/cronos/geo/NeighborHoods?pageTypeId=8&objectId=3159,1,/city/iboih-id.html,Iboih,710477
https://www.agoda.com/api/cronos/geo/NeighborHoods?pageTypeId=8&objectId=3159,1,/city/banda-aceh-id.html,Banda Aceh,725258
https://www.agoda.com/api/cronos/geo/NeighborHoods?pageTypeId=8&objectId=3159,1,/city/kahat-id.html,Kahat,734717
https://www.agoda.com/api/cronos/geo/NeighborHoods?pageTypeId=8&objectId=3159,1,/city/kuning-id.html,Kuning,161613
https://www.agoda.com/api/cronos/geo/NeighborHoods?pageTypeId=8&objectId=3182,250,/city/pekanbaru-id.html,Pekanbaru,19391
https://www.agoda.com/api/cronos/geo/NeighborHoods?pageTypeId=8&objectId=3182,17,/city/dumai-id.html,Dumai,390130
https://www.agoda.com/api/cronos/geo/NeighborHoods?pageTypeId=8&objectId=3182,15,/city/duri-id.html,Duri,161798
https://www.agoda.com/api/cronos/geo/NeighborHoods?pageTypeId=8&objectId=3170,88,/city/pontianak-id.html,Pontianak,19624
https://www.agoda.com/api/cronos/geo/NeighborHoods?pageTypeId=8&objectId=3170,30,/city/singkawang-id.html,Singkawang,292838
https://www.agoda.com/api/cronos/geo/NeighborHoods?pageTypeId=8&objectId=3170,10,/city/ketapang-id.html,Ketapang,102496
https://www.agoda.com/api/cronos/geo/NeighborHoods?pageTypeId=8&objectId=3171,138,/city/banjarmasin-id.html,Banjarmasin,102497
https://www.agoda.com/api/cronos/geo/NeighborHoods?pageTypeId=8&objectId=3171,59,/city/banjarbaru-id.html,Banjarbaru,161765
https://www.agoda.com/api/cronos/geo/NeighborHoods?pageTypeId=8&objectId=3171,6,/city/batulicin-id.html,Batulicin,705374
https://www.agoda.com/api/cronos/geo/NeighborHoods?pageTypeId=8&objectId=3171,2,/city/mabuun-id.html,Mabuun,734776
https://www.agoda.com/api/cronos/geo/NeighborHoods?pageTypeId=8&objectId=3171,1,/city/tanjung-id.html,Tanjung,106073
https://www.agoda.com/api/cronos/geo/NeighborHoods?pageTypeId=8&objectId=3166,116,/city/jambi-id.html,Jambi,19925
https://www.agoda.com/api/cronos/geo/NeighborHoods?pageTypeId=8&objectId=3166,12,/city/sungai-penuh-id.html,Sungai Penuh,728078
https://www.agoda.com/api/cronos/geo/NeighborHoods?pageTypeId=8&objectId=3166,2,/city/sarolangun-id.html,Sarolangun,390221
https://www.agoda.com/api/cronos/geo/NeighborHoods?pageTypeId=8&objectId=3166,1,/city/lambur-i-id.html,Lambur I,734733
https://www.agoda.com/api/cronos/geo/NeighborHoods?pageTypeId=8&objectId=3166,1,/city/tungkal-iii-id.html,Tungkal Iii,734731
https://www.agoda.com/api/cronos/geo/NeighborHoods?pageTypeId=8&objectId=3174,101,/city/belitung-id.html,Belitung,106046
https://www.agoda.com/api/cronos/geo/NeighborHoods?pageTypeId=8&objectId=3174,52,/city/bangka-id.html,Bangka,106038
https://www.agoda.com/api/cronos/geo/NeighborHoods?pageTypeId=8&objectId=3174,17,/city/sungai-liat-id.html,Sungai Liat,669640
https://www.agoda.com/api/cronos/geo/NeighborHoods?pageTypeId=8&objectId=3174,4,/city/pangkal-pinang-id.html,Pangkal Pinang,512920
https://www.agoda.com/api/cronos/geo/NeighborHoods?pageTypeId=8&objectId=3174,3,/city/air-itam-id.html,Air Itam,734726
https://www.agoda.com/api/cronos/geo/NeighborHoods?pageTypeId=8&objectId=3174,2,/city/mentok-id.html,Mentok,734723
https://www.agoda.com/api/cronos/geo/NeighborHoods?pageTypeId=8&objectId=3174,2,/city/belolaut-id.html,Belolaut,734722
https://www.agoda.com/api/cronos/geo/NeighborHoods?pageTypeId=8&objectId=3174,1,/city/membalong-id.html,Membalong,719282
https://www.agoda.com/api/cronos/geo/NeighborHoods?pageTypeId=8&objectId=3164,82,/city/raja-ampat-id.html,Raja Ampat,512755
https://www.agoda.com/api/cronos/geo/NeighborHoods?pageTypeId=8&objectId=3164,29,/city/sorong-id.html,Sorong,390120
https://www.agoda.com/api/cronos/geo/NeighborHoods?pageTypeId=8&objectId=3164,4,/city/manyainfuin-id.html,Manyainfuin,734942
https://www.agoda.com/api/cronos/geo/NeighborHoods?pageTypeId=8&objectId=3164,1,/city/utarom-id.html,Utarom,725516
https://www.agoda.com/api/cronos/geo/NeighborHoods?pageTypeId=8&objectId=3181,51,/city/irian-jaya-papua-id.html,Irian Jaya / Papua,105948
https://www.agoda.com/api/cronos/geo/NeighborHoods?pageTypeId=8&objectId=3181,11,/city/timika-id.html,Timika,709532
https://www.agoda.com/api/cronos/geo/NeighborHoods?pageTypeId=8&objectId=3181,6,/city/wamena-id.html,Wamena,19404
https://www.agoda.com/api/cronos/geo/NeighborHoods?pageTypeId=8&objectId=3181,5,/city/merauke-id.html,Merauke,390164
https://www.agoda.com/api/cronos/geo/NeighborHoods?pageTypeId=8&objectId=3177,62,/city/ambon-id.html,Ambon,101019
https://www.agoda.com/api/cronos/geo/NeighborHoods?pageTypeId=8&objectId=3177,3,/city/kai-ketjil-id.html,Kai Ketjil,717045
https://www.agoda.com/api/cronos/geo/NeighborHoods?pageTypeId=8&objectId=3177,3,/city/langgur-id.html,Langgur,725381
https://www.agoda.com/api/cronos/geo/NeighborHoods?pageTypeId=8&objectId=3177,2,/city/saleman-id.html,Saleman,734813
https://www.agoda.com/api/cronos/geo/NeighborHoods?pageTypeId=8&objectId=3177,2,/city/salahutu-id.html,Salahutu,719583
https://www.agoda.com/api/cronos/geo/NeighborHoods?pageTypeId=8&objectId=3162,69,/city/bengkulu-id.html,Bengkulu,161623
https://www.agoda.com/api/cronos/geo/NeighborHoods?pageTypeId=8&objectId=3186,56,/city/kendari-id.html,Kendari,106013
https://www.agoda.com/api/cronos/geo/NeighborHoods?pageTypeId=8&objectId=3186,12,/city/baubau-id.html,Baubau,711127
https://www.agoda.com/api/cronos/geo/NeighborHoods?pageTypeId=8&objectId=3186,5,/city/bau-bau-id.html,Bau-Bau,709492
https://www.agoda.com/api/cronos/geo/NeighborHoods?pageTypeId=8&objectId=3186,5,/city/wakatobi-id.html,Wakatobi,720546
https://www.agoda.com/api/cronos/geo/NeighborHoods?pageTypeId=8&objectId=3186,2,/city/waha-id.html,Waha,734896
https://www.agoda.com/api/cronos/geo/NeighborHoods?pageTypeId=8&objectId=3186,1,/city/wanci-id.html,Wanci,734901
https://www.agoda.com/api/cronos/geo/NeighborHoods?pageTypeId=8&objectId=3186,1,/city/liya-mawi-id.html,Liya Mawi,734904
https://www.agoda.com/api/cronos/geo/NeighborHoods?pageTypeId=8&objectId=3186,1,/city/patipelong-id.html,Patipelong,734898
https://www.agoda.com/api/cronos/geo/NeighborHoods?pageTypeId=8&objectId=3186,1,/city/indo-id.html,Pulo Indo,161875
https://www.agoda.com/api/cronos/geo/NeighborHoods?pageTypeId=8&objectId=3186,1,/city/wandoka-id.html,Wandoka,734902
https://www.agoda.com/api/cronos/geo/NeighborHoods?pageTypeId=8&objectId=3186,1,/city/wangiwangi-island-id.html,Wangiwangi Island,735618
https://www.agoda.com/api/cronos/geo/NeighborHoods?pageTypeId=8&objectId=3186,1,/city/indo-id.html,Pulo Indo,161875
https://www.agoda.com/api/cronos/geo/NeighborHoods?pageTypeId=8&objectId=3172,76,/city/palangkaraya-id.html,Palangkaraya,106023
https://www.agoda.com/api/cronos/geo/NeighborHoods?pageTypeId=8&objectId=3172,16,/city/pangkalanbuun-id.html,Pangkalanbuun,710778
https://www.agoda.com/api/cronos/geo/NeighborHoods?pageTypeId=8&objectId=3172,3,/city/sampit-id.html,Sampit,161769
https://www.agoda.com/api/cronos/geo/NeighborHoods?pageTypeId=8&objectId=3172,2,/city/pangkalan-bun-id.html,Pangkalan Bun,512956
https://www.agoda.com/api/cronos/geo/NeighborHoods?pageTypeId=8&objectId=3172,2,/city/kumai-hulu-id.html,Kumai Hulu,734782
https://www.agoda.com/api/cronos/geo/NeighborHoods?pageTypeId=8&objectId=3172,2,/city/sungai-sekonyer-id.html,Sungai Sekonyer,734783
https://www.agoda.com/api/cronos/geo/NeighborHoods?pageTypeId=8&objectId=3172,1,/city/sei-pinang-id.html,Sei Pinang,734780
https://www.agoda.com/api/cronos/geo/NeighborHoods?pageTypeId=8&objectId=3185,80,/city/palu-id.html,Palu,105977
https://www.agoda.com/api/cronos/geo/NeighborHoods?pageTypeId=8&objectId=3185,11,/city/luwuk-id.html,Luwuk,513106
https://www.agoda.com/api/cronos/geo/NeighborHoods?pageTypeId=8&objectId=3185,6,/city/tentena-id.html,Tentena,512743
https://www.agoda.com/api/cronos/geo/NeighborHoods?pageTypeId=8&objectId=3185,6,/city/pulau-una-una-id.html,Pulau Una Una,711860
https://www.agoda.com/api/cronos/geo/NeighborHoods?pageTypeId=8&objectId=3185,4,/city/ampana-id.html,Ampana,720560
https://www.agoda.com/api/cronos/geo/NeighborHoods?pageTypeId=8&objectId=3185,2,/city/tanjung-pude-id.html,Tanjung Pude,734893
https://www.agoda.com/api/cronos/geo/NeighborHoods?pageTypeId=8&objectId=3185,2,/city/popolii-id.html,Popolii,710811
https://www.agoda.com/api/cronos/geo/NeighborHoods?pageTypeId=8&objectId=3185,1,/city/poso-id.html,Poso,736320
https://www.agoda.com/api/cronos/geo/NeighborHoods?pageTypeId=8&objectId=3163,41,/city/gorontalo-id.html,Gorontalo,390132
https://www.agoda.com/api/cronos/geo/NeighborHoods?pageTypeId=8&objectId=3163,1,/city/abadi-id.html,Abadi,161881
https://www.agoda.com/api/cronos/geo/NeighborHoods?pageTypeId=8&objectId=4247,28,/city/tarakan-id.html,Tarakan,102498
https://www.agoda.com/api/cronos/geo/NeighborHoods?pageTypeId=8&objectId=4247,4,/city/tanjung-selor-id.html,Tanjung Selor,161866
https://www.agoda.com/api/cronos/geo/NeighborHoods?pageTypeId=8&objectId=3183,6,/city/mamuju-id.html,Mamuju,512858
https://www.agoda.com/api/cronos/geo/NeighborHoods?pageTypeId=8&objectId=3178,22,/city/ternate-id.html,Ternate,390131
https://www.agoda.com/api/cronos/geo/NeighborHoods?pageTypeId=8&objectId=3178,1,/city/sali-kecil-id.html,Sali Kecil,734815
https://www.agoda.com/api/cronos/geo/NeighborHoods?pageTypeId=8&objectId=3178,1,/city/lifao-id.html,Lifao,734819
https://www.agoda.com/api/cronos/geo/NeighborHoods?pageTypeId=8&objectId=3178,1,/city/kastela-id.html,Kastela,734820
https://www.agoda.com/api/cronos/geo/NeighborHoods?pageTypeId=8&objectId=3178,1,/city/juanga-id.html,Juanga,734818
https://www.agoda.com/api/cronos/geo/NeighborHoods?pageTypeId=8&objectId=3178,1,/city/meti-id.html,Meti,734817
https://www.agoda.com/api/cronos/geo/NeighborHoods?pageTypeId=8&objectId=3178,1,/city/besar-id.html,Besar,161785
